investment_amount,opportunity_code,Category,investor_acc_number,investment_number,investment_interest_rate,daily_interest
250000.0,HVO105,Heron View,ZHUT01,8,0.16,109.58904109589041
311181.51,HVL203,Heron View,ZHUT01,9,0.16,136.40833315068494
369059.18,HVK302,Heron View,ZBEL01,5,0.16,161.77936657534246
250000.0,HVG204,Heron View,ZBEL01,7,0.18,123.28767123287672
351000.0,HVI102,Heron View,ZBEL01,6,0.18,173.0958904109589
318218.08,GW4849,Goodwood,ZBEL01,8,0.18,156.92946410958905
780885.27,HVF102,Heron View,ZFON01,5,0.16,342.3058717808219
130133.7,HVK206,Heron View,ZCOL01,4,0.14,49.91429589041096
630284.25,HVD302,Heron View,ZKRU01,5,0.18,310.82510958904106
819398.7,HVO203,Heron View,ZKRU01,7,0.18,404.08703013698624
240082.19,GW4429,Goodwood,ZKRU01,8,0.18,118.39669643835616
350000.0,GW4604,Goodwood,ZKRU01,9,0.18,172.6027397260274
250000.0,HVK301,Heron View,ZDAV01,5,0.16,109.58904109589041
250000.0,GW4849,Goodwood,ZDAV01,6,0.16,109.58904109589041
150000.0,HVK303,Heron View,ZHUN01,4,0.14,57.53424657534248
423120.71,HVK103,Heron View,ZDAM01,3,0.14,162.29287506849317
400000.0,HVK302,Heron View,ZLEW01,9,0.18,197.26027397260273
1108630.14,HVO104,Heron View,ZLEW01,10,0.18,546.7217128767122
550000.0,GW4418,Goodwood,ZLEW01,11,0.18,271.2328767123288
250000.0,GW4429,Goodwood,ZLEW01,12,0.18,123.28767123287672
258587.14,HVO202,Heron View,ZHEI01,11,0.18,127.52242520547945
984516.0,HVL204,Heron View,ZHEI01,12,0.18,485.5147397260274
256652.05,HVO201,Heron View,ZMAT01,6,0.14,98.44188219178083
228382.03,GW3847,Goodwood,ZMAT01,7,0.14,87.59858684931507
1100000.0,HVI204,Heron View,ZMYB01,2,0.18,542.4657534246576
1100000.0,HVL101,Heron View,ZMYB01,3,0.18,542.4657534246576
700000.0,HVL102,Heron View,ZMYB01,4,0.18,345.2054794520548
1100000.0,HVL104,Heron View,ZMYB01,5,0.18,542.4657534246576
1200000.0,HVE301,Heron View,ZMYB01,9,0.18,591.7808219178082
1200000.0,HVE304,Heron View,ZMYB01,10,0.18,591.7808219178082
1200000.0,HVE104,Heron View,ZMYB01,6,0.18,591.7808219178082
1200000.0,HVE202,Heron View,ZMYB01,7,0.18,591.7808219178082
1200000.0,HVE204,Heron View,ZMYB01,8,0.18,591.7808219178082
100000.0,HVK403,Heron View,ZMCK01,4,0.18,49.31506849315068
1100000.0,HVK404,Heron View,ZMCK01,5,0.18,542.4657534246576
150000.0,HVK403,Heron View,ZLUN01,7,0.18,73.97260273972603
100000.0,HVK104,Heron View,ZINT01,10,0.18,49.31506849315068
100000.0,HVK303,Heron View,ZINT01,11,0.18,49.31506849315068
100000.0,HVK403,Heron View,ZINT01,12,0.18,49.31506849315068
100000.0,HVC202,Heron View,ZINT01,14,0.18,49.31506849315068
100000.0,HVO101,Heron View,ZINT01,13,0.18,49.31506849315068
100000.0,HVK101,Heron View,ZINT01,16,0.18,49.31506849315068
106997.26,HVL204,Heron View,ZINT01,17,0.18,52.76577205479452
100000.0,HVL201,Heron View,ZINT01,18,0.18,49.31506849315068
450000.0,HVK304,Heron View,ZMCD01,7,0.14,172.6027397260274
642671.4,HVJ102,Heron View,ZSCH01,14,0.18,316.9338410958904
400000.0,HVN304,Heron View,ZSCH01,15,0.18,197.26027397260273
806083.85,HVK305,Heron View,ZSCH01,16,0.18,397.52080273972604
146383.1,HVD202,Heron View,ZWEL01,3,0.16,64.16793424657534
353616.9,HVD302,Heron View,ZWEL01,4,0.16,155.0101479452055
90419.06,HVK203,Heron View,ZSPE01,4,0.14,34.681283287671235
435021.99,HVO101,Heron View,ZWAT01,13,0.18,214.5313923287671
920898.91,HVF101,Heron View,ZWAT01,14,0.18,454.14192821917806
100000.0,HVN304,Heron View,ZVDM01,4,0.14,38.35616438356165
65218.15,HVK202,Heron View,ZVDM01,5,0.14,25.015180821917813
100000.0,HVI103,Heron View,ZVDM01,6,0.14,38.35616438356165
1000500.0,HVK205,Heron View,ZVDW01,2,0.18,493.3972602739726
300000.0,GW3657,Goodwood,ZVDW01,3,0.18,147.94520547945206
288241.52,HVD202,Heron View,ZSON01,12,0.18,142.14650301369863
1100000.0,HVP203,Heron View,ZSON01,13,0.18,542.4657534246576
183821.92,GW3412,Goodwood,ZSON01,14,0.18,90.65190575342466
550000.0,GW4158,Goodwood,ZSON01,15,0.18,271.2328767123288
550000.0,GW4643,Goodwood,ZSON01,16,0.18,271.2328767123288
238516.44,HVO101,Heron View,ZVOR01,5,0.14,91.48575780821919
117422.6,HVG104,Heron View,ZVOR01,6,0.18,57.90703561643836
100000.0,HVK302,Heron View,ZMAR01,3,0.14,38.35616438356165
1000000.0,HVN102,Heron View,ZZYL01,5,0.18,493.1506849315069
275583.65,HVC204,Heron View,ZKUS02,3,0.14,105.70331780821921
100000.0,HVJ102,Heron View,ZMCD02,3,0.14,38.35616438356165
700000.0,HVI201,Heron View,ZESP01,2,0.16,306.8493150684931
600000.0,GW4594,Goodwood,ZESP01,3,0.18,295.8904109589041
100000.0,HVJ103,Heron View,ZJER01,3,0.14,38.35616438356165
170404.1,GW3927,Goodwood,ZKUS01,4,0.14,65.36047671232878
164674.38,HVJ102,Heron View,ZKUS03,3,0.14,63.16277589041097
100000.0,HVL201,Heron View,ZKUS03,5,0.14,38.35616438356165
126369.86,HVD202,Heron View,ZHAR01,2,0.14,48.47063123287672
139986.32,HVL203,Heron View,ZROD01,3,0.14,53.69338301369864
117916.44,HVK405,Heron View,ZVER02,5,0.14,45.228223561643844
139300.72,HVG303,Heron View,ZVER02,6,0.14,53.43041315068494
115294.52,HVE101,Heron View,ZVER02,7,0.14,44.22255561643836
350000.0,HVD202,Heron View,ZJAN01,2,0.14,134.24657534246577
200000.0,HVK103,Heron View,ZELE01,2,0.14,76.7123287671233
123390.41,HVK301,Heron View,ZHIL01,2,0.14,47.3278284931507
100000.0,HVC202,Heron View,ZALM01,6,0.18,49.31506849315068
100000.0,HVO101,Heron View,ZALM01,7,0.18,49.31506849315068
100000.0,HVO102,Heron View,ZALM01,8,0.18,49.31506849315068
150000.0,HVK403,Heron View,ZALM01,9,0.18,73.97260273972603
400000.0,HVK204,Heron View,ZCAM01,3,0.14,153.4246575342466
110000.0,HVK103,Heron View,ZJOH01,5,0.18,54.24657534246575
110000.0,HVK302,Heron View,ZJOH01,6,0.18,54.24657534246575
110000.0,HVO101,Heron View,ZJOH01,7,0.18,54.24657534246575
110000.0,HVO201,Heron View,ZJOH01,8,0.18,54.24657534246575
1000000.0,HVK105,Heron View,ZBOH01,2,0.18,493.1506849315069
124948.63,HVK301,Heron View,ZJBM01,2,0.14,47.925501917808226
147910.96,HVN304,Heron View,ZMAD01,2,0.14,56.73297095890411
648863.01,HVK304,Heron View,ZSCH02,2,0.18,319.98723780821916
1107195.21,HVK106,Heron View,ZZYL03,3,0.18,546.0140761643836
608441.78,HVK202,Heron View,ZZYL03,4,0.18,300.0534805479452
500000.0,HVM101,Heron View,ZKOO01,3,0.16,219.17808219178082
113202.05,HVC204,Heron View,ZFEM01,3,0.14,43.41996438356165
124948.63,HVK204,Heron View,ZFEM01,4,0.14,47.925501917808226
251198.63,HVK301,Heron View,ZBAR01,2,0.14,96.35015945205481
250000.0,HVO102,Heron View,ZKFT01,2,0.14,95.89041095890411
123565.07,HVK305,Heron View,ZTSH01,2,0.14,47.39482136986302
510000.0,HVK203,Heron View,ZASD01,2,0.16,223.56164383561645
100000.0,HVC305,Heron View,ZKRO01,3,0.16,43.83561643835616
189647.26,HVK403,Heron View,ZKRO01,4,0.16,83.13304547945205
300000.0,HVI201,Heron View,ZKRO01,5,0.18,147.94520547945206
596472.6,GW4430,Goodwood,ZKRO01,6,0.18,294.1508712328767
131234.94,HVO102,Heron View,ZPED01,3,0.18,64.7186005479452
1100000.0,HVM203,Heron View,ZPED01,4,0.18,542.4657534246576
111295.21,HVO302,Heron View,ZPED01,5,0.18,54.885309041095894
500000.0,HVK203,Heron View,ZLOU01,2,0.16,219.17808219178082
600000.0,HVD303,Heron View,ZPLA01,2,0.16,263.013698630137
127553.41,HVJ301,Heron View,ZBRO01,3,0.14,48.92459561643837
500000.0,GW4049,Goodwood,ZTPI01,3,0.16,219.17808219178082
850000.0,HVD304,Heron View,ZRAN01,22,0.18,419.17808219178085
126300.0,HVK202,Heron View,ZRAN01,23,0.18,62.28493150684932
114452.74,HVK401,Heron View,ZRAN01,24,0.18,56.44244712328767
178013.84,HVK305,Heron View,ZRAN01,25,0.18,87.78764712328766
252491.78,HVG203,Heron View,ZRAN01,26,0.18,124.51649424657535
200000.0,HVG202,Heron View,ZRAN01,27,0.18,98.63013698630137
200000.0,HVJ201,Heron View,ZZYL02,2,0.14,76.7123287671233
123613.01,HVK205,Heron View,ZZYL02,3,0.14,47.41320931506849
500000.0,HVK101,Heron View,ZMIN01,2,0.16,219.17808219178082
120000.0,HVK105,Heron View,ZCRO01,6,0.18,59.178082191780824
110000.0,HVK103,Heron View,ZCRO01,7,0.18,54.24657534246575
110000.0,HVK302,Heron View,ZCRO01,8,0.18,54.24657534246575
120000.0,HVK303,Heron View,ZCRO01,9,0.18,59.178082191780824
100000.0,HVO201,Heron View,ZCRO01,10,0.18,49.31506849315068
120000.0,HVO101,Heron View,ZCRO01,12,0.18,59.178082191780824
110000.0,HVO203,Heron View,ZCRO01,11,0.18,54.24657534246575
150000.0,HVC204,Heron View,ZCRO01,13,0.18,73.97260273972603
150000.0,HVK101,Heron View,ZCRO01,14,0.18,73.97260273972603
110000.0,HVG101,Heron View,ZCRO01,16,0.18,54.24657534246575
110000.0,HVE303,Heron View,ZCRO01,17,0.18,54.24657534246575
254616.44,HVC305,Heron View,ZDEK01,3,0.16,111.61268602739726
250000.0,GW3657,Goodwood,ZDEK01,4,0.16,109.58904109589041
300931.51,HVM101,Heron View,ZAFR01,4,0.18,148.40458027397258
1100000.0,HVM202,Heron View,ZAFR01,5,0.18,542.4657534246576
943566.44,HVG303,Heron View,ZAFR01,6,0.18,465.3204361643835
100000.0,HVK206,Heron View,ZFOU01,2,0.14,38.35616438356165
187515.41,HVO202,Heron View,ZWAL01,2,0.14,71.9237189041096
600000.0,HVG302,Heron View,ZEDE01,2,0.16,263.013698630137
504150.68,HVO204,Heron View,ZTSO01,2,0.16,220.99755835616438
1100000.0,HVM104,Heron View,ZDEB01,8,0.18,542.4657534246576
1100000.0,HVO303,Heron View,ZDEB01,7,0.18,542.4657534246576
1100000.0,HVI101,Heron View,ZDEB01,9,0.18,542.4657534246576
1000000.0,HVI104,Heron View,ZRUS01,2,0.18,493.1506849315069
192071.92,HVO203,Heron View,ZVAL01,2,0.14,73.67142136986303
123099.32,HVK402,Heron View,ZVAN02,2,0.14,47.21617753424658
186816.78,HVO102,Heron View,ZRIB01,2,0.14,71.65575123287671
122921.23,HVK206,Heron View,ZGOV01,2,0.14,47.14786904109589
637482.88,HVK303,Heron View,ZDAD01,3,0.18,314.37511890410957
200000.0,HVM204,Heron View,ZDAD01,5,0.18,98.63013698630137
473976.03,HVG302,Heron View,ZDAD01,4,0.18,233.74160383561644
500000.0,GW4608,Goodwood,ZDAD01,6,0.18,246.57534246575344
300000.0,HVL203,Heron View,ZERA02,3,0.14,115.06849315068496
100000.0,HVK202,Heron View,ZBLO01,3,0.14,38.35616438356165
100000.0,HVN304,Heron View,ZBLO01,4,0.14,38.35616438356165
600000.0,HVK204,Heron View,ZKRO03,2,0.16,263.013698630137
418733.56,HVD303,Heron View,ZDIC01,9,0.18,206.49874191780822
500000.0,HVJ103,Heron View,ZDIC01,10,0.18,246.57534246575344
767449.32,HVK206,Heron View,ZDIC01,11,0.18,378.46815780821913
566390.41,HVO105,Heron View,ZDIC01,12,0.18,279.31581863013696
500000.0,HVJ101,Heron View,ZOLI01,2,0.18,246.57534246575344
560000.0,HVF104,Heron View,ZOLI01,4,0.18,276.16438356164383
1000000.0,HVK104,Heron View,ZNIE01,4,0.18,493.1506849315069
500000.0,HVG301,Heron View,ZNIE01,5,0.18,246.57534246575344
565191.78,GW4395,Goodwood,ZWES01,3,0.16,247.7553008219178
1000004.32,HVL103,Heron View,ZCRO02,2,0.18,493.15281534246566
118664.38,HVC204,Heron View,ZWIL01,2,0.14,45.51510465753425
600000.0,GW3616,Goodwood,ZSCH03,5,0.18,295.8904109589041
500000.0,GW4565,Goodwood,ZSCH03,4,0.18,246.57534246575344
500000.0,GW4589,Goodwood,ZSCH03,6,0.18,246.57534246575344
117205.48,HVC302,Heron View,ZKEW01,2,0.14,44.955526575342475
132283.95,HVF202,Heron View,ZJEN01,3,0.14,50.739049315068506
313690.76,HVC305,Heron View,ZVOL01,4,0.14,120.31974356164385
114058.91,HVK406,Heron View,ZVOL01,5,0.14,43.748623013698634
250000.0,HVL102,Heron View,ZVOL01,6,0.16,109.58904109589041
1100000.0,HVC206,Heron View,ZKRI02,3,0.18,542.4657534246576
1100000.0,HVP303,Heron View,ZKRI02,4,0.18,542.4657534246576
1100000.0,HVI202,Heron View,ZKRI02,5,0.18,542.4657534246576
1100000.0,HVI203,Heron View,ZKRI02,6,0.18,542.4657534246576
550000.0,GW4300,Goodwood,ZKRI02,7,0.18,271.2328767123288
100000.0,GW4604,Goodwood,ZKRI02,8,0.18,49.31506849315068
550000.0,GW4729,Goodwood,ZKRI02,9,0.18,271.2328767123288
300000.0,GW3187,Goodwood,ZSLE01,2,0.14,115.06849315068496
500000.0,HVE201,Heron View,ZSCO01,2,0.16,219.17808219178082
200000.0,HVC204,Heron View,ZSTO01,3,0.16,87.67123287671232
500000.0,GW4266,Goodwood,ZVIS01,3,0.16,219.17808219178082
900000.0,HVM204,Heron View,ZKRI03,2,0.16,394.52054794520546
550000.0,GW4612,Goodwood,ZDEC01,3,0.18,271.2328767123288
450000.0,GW4618,Goodwood,ZDEC01,4,0.18,221.91780821917808
600000.0,HVG202,Heron View,ZSCA02,2,0.18,295.8904109589041
550000.0,HVG103,Heron View,ZSCA02,3,0.18,271.2328767123288
500000.0,HVG304,Heron View,ZSCA02,4,0.18,246.57534246575344
100000.0,HVL204,Heron View,ZNIE02,3,0.14,38.35616438356165
300000.0,HVC202,Heron View,ZRAB02,2,0.14,115.06849315068496
100000.0,HVO305,Heron View,ZSOU02,2,0.14,38.35616438356165
254678.6,GW4834,Goodwood,ZDEH01,3,0.14,97.68494246575342
602626.71,HVO103,Heron View,ZMOO02,3,0.18,297.1857747945205
1000000.0,HVG201,Heron View,ZREN01,4,0.18,493.1506849315069
500000.0,HVG304,Heron View,ZREN01,5,0.18,246.57534246575344
600000.0,GW3957,Goodwood,ZREN01,6,0.18,295.8904109589041
400000.0,GW3960,Goodwood,ZREN01,7,0.18,197.26027397260273
1000000.0,HVJ202,Heron View,ZLAB01,3,0.18,493.1506849315069
586801.37,HVO204,Heron View,ZLAB01,4,0.18,289.3814975342466
302195.21,HVG202,Heron View,ZLAB01,5,0.18,149.02777479452055
1100000.0,HVM201,Heron View,ZGOF01,2,0.18,542.4657534246576
101260.27,HVO301,Heron View,ZGOF01,3,0.18,49.93657150684932
631732.88,HVG203,Heron View,ZSMI02,2,0.18,311.5395024657534
234453.42,HVM103,Heron View,ZROU01,2,0.14,89.9273391780822
500000.0,HVM102,Heron View,ZSCH04,2,0.18,246.57534246575344
500000.0,HVM103,Heron View,ZSCH04,3,0.18,246.57534246575344
119247.26,HVO304,Heron View,ZJAN03,2,0.14,45.73867506849316
115557.53,HVK303,Heron View,ZMEH01,2,0.14,44.323436164383565
112707.53,HVK202,Heron View,ZLAB02,2,0.14,43.23028547945206
1000000.0,HVO205,Heron View,ZKUS04,2,0.18,493.1506849315069
121786.3,HVG102,Heron View,ZSIV01,2,0.14,46.71255342465754
256636.99,GW3756,Goodwood,ZJOU02,2,0.14,98.43610575342466
300000.0,HVC202,Heron View,ZRIT01,6,0.18,147.94520547945206
288000.0,HVK101,Heron View,ZRIT01,8,0.18,142.02739726027397
429243.84,HVO102,Heron View,ZRIT01,9,0.18,211.68189369863012
237315.07,HVO103,Heron View,ZRIT01,10,0.18,117.03208931506849
100000.0,HVK306,Heron View,ZRIT01,11,0.18,49.31506849315068
248756.16,HVK103,Heron View,ZRIT01,15,0.18,122.67427068493151
300000.0,HVM101,Heron View,ZRIT01,12,0.18,147.94520547945206
300000.0,HVM102,Heron View,ZRIT01,13,0.18,147.94520547945206
300000.0,HVM103,Heron View,ZRIT01,14,0.18,147.94520547945206
343865.75,HVF104,Heron View,ZRIT01,16,0.18,169.5776301369863
266623.38,HVF202,Heron View,ZRIT01,17,0.18,131.48550246575343
118439.04,HVO305,Heron View,ZLIN01,2,0.14,45.42867287671233
500000.0,HVO202,Heron View,ZLOU03,2,0.16,219.17808219178082
200000.0,GW3412,Goodwood,ZURB01,2,0.14,76.7123287671233
111894.52,HVC205,Heron View,ZSCA03,2,0.14,42.918446027397266
1000000.0,HVN301,Heron View,ZDEL01,7,0.18,493.1506849315069
265000.0,HVN304,Heron View,ZDEL01,8,0.18,130.68493150684932
291044.52,HVO105,Heron View,ZDEL01,9,0.18,143.52880438356163
170585.96,HVO202,Heron View,ZDEL01,10,0.18,84.12458301369863
100000.0,HVI201,Heron View,ZDEL01,11,0.18,49.31506849315068
180000.0,HVL203,Heron View,ZDEL01,13,0.18,88.76712328767124
1200000.0,HVL202,Heron View,ZDEL01,12,0.18,591.7808219178082
550000.0,GW4082,Goodwood,ZDEL01,14,0.18,271.2328767123288
550000.0,GW4211,Goodwood,ZDEL01,15,0.18,271.2328767123288
523000.0,GW4279,Goodwood,ZDEL01,16,0.18,257.9178082191781
150000.0,GW4593,Goodwood,ZDEL01,17,0.18,73.97260273972603
550000.0,GW4829,Goodwood,ZDEL01,18,0.18,271.2328767123288
300000.0,GW4830,Goodwood,ZDEL01,19,0.18,147.94520547945206
200000.0,GW4551,Goodwood,ZCOE01,3,0.18,98.63013698630137
249401.37,GW4607,Goodwood,ZCOE01,2,0.14,95.66079945205479
1000000.0,HVG104,Heron View,ZDOT01,2,0.18,493.1506849315069
525000.0,HVJ101,Heron View,ZVAN05,2,0.18,258.90410958904107
1028006.85,HVC304,Heron View,ZVAN05,3,0.18,506.9622821917808
1100000.0,HVK102,Heron View,ZVAN05,5,0.18,542.4657534246576
350000.0,HVK301,Heron View,ZVAN05,7,0.18,172.6027397260274
1100000.0,HVK201,Heron View,ZVAN05,6,0.18,542.4657534246576
350000.0,HVO201,Heron View,ZVAN05,8,0.18,172.6027397260274
125000.0,HVG201,Heron View,ZVAN05,9,0.18,61.64383561643836
200000.0,HVG301,Heron View,ZVAN05,10,0.18,98.63013698630137
200000.0,HVP201,Heron View,ZNUN01,5,0.18,98.63013698630137
278815.07,HVO103,Heron View,ZNUN01,8,0.18,137.49784273972602
304366.44,HVM102,Heron View,ZNUN01,9,0.18,150.0985183561644
288034.25,GW4834,Goodwood,ZNUN01,10,0.18,142.04428767123287
343822.74,GW4607,Goodwood,ZNUN01,11,0.18,169.55641972602737
128318.49,GW3960,Goodwood,ZJOU01,2,0.14,49.218050958904115
100000.0,HVC205,Heron View,ZWAL02,4,0.14,38.35616438356165
100000.0,HVJ102,Heron View,ZWAL02,3,0.14,38.35616438356165
1000000.0,HVG101,Heron View,ZWIL02,3,0.18,493.1506849315069
249607.55,HVE101,Heron View,ZMEY02,3,0.14,95.73988219178082
100000.0,HVI104,Heron View,ZDUP01,2,0.14,38.35616438356165
125332.88,GW4550,Goodwood,ZNOR01,2,0.14,48.07288547945206
1000000.0,HVG102,Heron View,ZKRIE0,2,0.18,493.1506849315069
200000.0,GW3412,Goodwood,ZARB01,2,0.18,98.63013698630137
550000.0,GW3624,Goodwood,ZARB01,3,0.18,271.2328767123288
550000.0,GW4632,Goodwood,ZARB01,4,0.18,271.2328767123288
1000000.0,HVJ402,Heron View,ZVIS02,2,0.18,493.1506849315069
1000000.0,HVO304,Heron View,ZVIS02,3,0.18,493.1506849315069
122450.84,GW4604,Goodwood,ZTRU01,3,0.14,46.96744547945206
400000.0,HVL201,Heron View,ZHEN01,4,0.16,175.34246575342465
121489.04,HVL203,Heron View,ZHEN01,5,0.16,53.2554695890411
115687.67,HVO301,Heron View,ZVAN08,2,0.14,44.37335287671233
550000.0,GW3587,Goodwood,ZGER01,4,0.18,271.2328767123288
600000.0,GW4063,Goodwood,ZGER01,2,0.18,295.8904109589041
400000.0,GW4097,Goodwood,ZGER01,3,0.18,197.26027397260273
450000.0,GW4550,Goodwood,ZGER01,5,0.18,221.91780821917808
172917.81,GW4097,Goodwood,ZZYL04,2,0.14,66.3246394520548
150000.0,HVD304,Heron View,ZOOS01,1,0.14,57.53424657534248
1000000.0,HVN303,Heron View,ZERF01,2,0.18,493.1506849315069
550000.0,GW4008,Goodwood,ZERF01,3,0.18,271.2328767123288
200000.0,GW4830,Goodwood,ZERF01,4,0.18,98.63013698630137
550000.0,GW4850,Goodwood,ZERF01,5,0.18,271.2328767123288
550000.0,GW3197,Goodwood,ZVAL03,2,0.18,271.2328767123288
550000.0,GW4019,Goodwood,ZVAL03,3,0.18,271.2328767123288
400000.0,GW4593,Goodwood,ZVAL03,4,0.18,197.26027397260273
1000000.0,HVN302,Heron View,ZAMP01,1,0.18,493.1506849315069
100000.0,HVD202,Heron View,ZFER01,2,0.14,38.35616438356165
500000.0,HVJ201,Heron View,ZBUM01,2,0.18,246.57534246575344
1000000.0,HVJ203,Heron View,ZBUM01,1,0.18,493.1506849315069
150000.0,HVL203,Heron View,ZBUM01,3,0.18,73.97260273972603
400000.0,HVJ103,Heron View,ZZYL05,1,0.14,153.4246575342466
400000.0,HVO305,Heron View,ZFLA01,2,0.14,153.4246575342466
500000.0,HVJ302,Heron View,ZVER04,1,0.18,246.57534246575344
1000000.0,HVJ303,Heron View,ZVER04,2,0.18,493.1506849315069
500000.0,HVJ403,Heron View,ZVER04,3,0.18,246.57534246575344
120768.49,GW4551,Goodwood,ZMAQ01,2,0.14,46.32216054794522
300000.0,HVJ201,Heron View,ZSMI03,1,0.16,131.5068493150685
300000.0,HVJ301,Heron View,ZSMI03,2,0.16,131.5068493150685
550000.0,HVJ301,Heron View,ZMAN02,1,0.18,271.2328767123288
500000.0,HVJ302,Heron View,ZMAN02,2,0.18,246.57534246575344
1000000.0,HVJ401,Heron View,ZFOU02,1,0.18,493.1506849315069
500000.0,HVJ403,Heron View,ZFOU02,2,0.18,246.57534246575344
604260.27,HVL201,Heron View,ZHAL03,2,0.16,264.8812142465754
115099.32,HVE102,Heron View,ZFER02,2,0.14,44.147684383561646
590493.15,GW4368,Goodwood,ZJEN02,2,0.18,291.20210136986304
590000.0,GW4381,Goodwood,ZJEN02,3,0.18,290.958904109589
100000.0,HVF203,Heron View,ZHUM01,2,0.14,38.35616438356165
500000.0,HVP201,Heron View,ZZEE01,2,0.18,246.57534246575344
550000.0,GW3633,Goodwood,ZZEE01,3,0.18,271.2328767123288
550000.0,GW4287,Goodwood,ZZEE01,4,0.18,271.2328767123288
245807.53,GW4708,Goodwood,ZZEE01,5,0.18,121.22015178082192
550000.0,GW4782,Goodwood,ZZEE01,6,0.18,271.2328767123288
200000.0,HVP201,Heron View,ZDEF01,1,0.14,76.7123287671233
100000.0,HVP201,Heron View,ZJAN05,1,0.14,38.35616438356165
100000.0,HVP201,Heron View,ZBAL02,1,0.14,38.35616438356165
500000.0,HVO305,Heron View,ZDEV01,2,0.18,246.57534246575344
124599.32,HVK403,Heron View,ZTHA01,3,0.16,54.618880000000004
229795.89,HVO201,Heron View,ZTHA01,4,0.16,100.73244493150685
100000.0,HVG203,Heron View,ZTHA01,5,0.18,49.31506849315068
231000.0,GW3187,Goodwood,ZTHA01,9,0.18,113.91780821917808
100000.0,GW4708,Goodwood,ZTHA01,6,0.16,43.83561643835616
114853.42,GW4708,Goodwood,ZTHA01,8,0.16,50.34670465753425
100000.01,GW4708,Goodwood,ZTHA01,7,0.16,43.83562082191781
243123.29,HVF102,Heron View,ZTHA01,10,0.18,119.89641698630136
250000.0,HVC204,Heron View,ZVAN10,1,0.14,95.89041095890411
100000.0,HVO205,Heron View,ZVAN10,2,0.18,49.31506849315068
100000.0,HVC305,Heron View,ZDUT01,1,0.14,38.35616438356165
350000.0,HVC305,Heron View,ZBER01,1,0.18,172.6027397260274
500000.0,HVC205,Heron View,ZMIL01,1,0.16,219.17808219178082
400000.0,HVC205,Heron View,ZVIV01,1,0.14,153.4246575342466
100000.0,HVC202,Heron View,ZVAN11,1,0.14,38.35616438356165
100000.0,HVC202,Heron View,ZPER01,1,0.14,38.35616438356165
100000.0,HVC202,Heron View,ZMON01,1,0.14,38.35616438356165
1000000.0,HVK306,Heron View,ZBUF01,1,0.18,493.1506849315069
1000000.0,HVK401,Heron View,ZVAN13,1,0.18,493.1506849315069
500000.0,HVK406,Heron View,ZVAN13,2,0.18,246.57534246575344
1000000.0,HVK402,Heron View,ZVAN14,1,0.18,493.1506849315069
500000.0,HVK406,Heron View,ZVAN14,2,0.18,246.57534246575344
167914.73,HVF101,Heron View,ZLES01,2,0.14,64.4056498630137
200000.0,HVK403,Heron View,ZHAN06,1,0.14,76.7123287671233
100000.0,HVK403,Heron View,ZGRA01,1,0.14,38.35616438356165
1000000.0,HVK405,Heron View,ZVAN15,1,0.18,493.1506849315069
990694.47,HVC302,Heron View,ZCON01,5,0.14,379.9923994520548
600000.0,HVO301,Heron View,ZDEV02,1,0.18,295.8904109589041
900000.0,HVO302,Heron View,ZVIS03,1,0.16,394.52054794520546
100000.0,HVO302,Heron View,ZLER02,1,0.14,38.35616438356165
550000.0,HVG103,Heron View,ZDEJ01,1,0.16,241.0958904109589
350000.0,HVG204,Heron View,ZMOS01,1,0.14,134.24657534246577
400000.0,HVG301,Heron View,ZHAR02,1,0.14,153.4246575342466
500000.0,HVG204,Heron View,ZBAS01,1,0.16,219.17808219178082
400000.0,HVI102,Heron View,ZCOE02,1,0.14,153.4246575342466
1000000.0,HVI103,Heron View,ZSWA02,1,0.18,493.1506849315069
100000.0,HVG304,Heron View,ZJOS01,1,0.14,38.35616438356165
100000.0,HVG203,Heron View,ZGEL01,1,0.14,38.35616438356165
200000.0,HVO301,Heron View,ZLAM01,1,0.14,76.7123287671233
1100000.0,HVH101,Heron View,ZHAN07,1,0.18,542.4657534246576
1100000.0,HVH102,Heron View,ZHAN07,2,0.18,542.4657534246576
1100000.0,HVH103,Heron View,ZHAN07,3,0.18,542.4657534246576
1100000.0,HVH104,Heron View,ZHAN07,4,0.18,542.4657534246576
1100000.0,HVH201,Heron View,ZHAN07,5,0.18,542.4657534246576
1100000.0,HVH202,Heron View,ZHAN07,6,0.18,542.4657534246576
1100000.0,HVH203,Heron View,ZHAN07,7,0.18,542.4657534246576
1100000.0,HVH204,Heron View,ZHAN07,8,0.18,542.4657534246576
150000.0,HVI102,Heron View,ZCAR01,1,0.14,57.53424657534248
200000.0,HVI102,Heron View,ZNEL01,1,0.14,76.7123287671233
100000.0,HVL102,Heron View,ZTUR01,1,0.14,38.35616438356165
100000.0,HVL103,Heron View,ZSIP01,1,0.14,38.35616438356165
100000.0,HVO301,Heron View,ZMAT04,1,0.14,38.35616438356165
600000.0,GW4144,Goodwood,ZMAC01,1,0.18,295.8904109589041
550000.0,GW4310,Goodwood,ZMAC01,2,0.18,271.2328767123288
550000.0,GW4345,Goodwood,ZMAC01,3,0.18,271.2328767123288
550000.0,GW4374,Goodwood,ZMAC01,4,0.18,271.2328767123288
550000.0,GW4636,Goodwood,ZMAC01,5,0.18,271.2328767123288
681304.79,HVF202,Heron View,ZELO02,1,0.16,298.654154520548
1200000.0,HVE203,Heron View,ZHOW01,1,0.18,591.7808219178082
1200000.0,HVE302,Heron View,ZHOW01,2,0.18,591.7808219178082
600000.0,HVE303,Heron View,ZHOW01,3,0.18,295.8904109589041
950000.0,EA107,Endulini,ZMOR02,1,0.1,260.2739726027397
950000.0,EB201,Endulini,ZMOR02,2,0.1,260.2739726027397
400000.0,GW3927,Goodwood,ZHAR03,1,0.18,197.26027397260273
600000.0,GW4249,Goodwood,ZHAR03,2,0.18,295.8904109589041
500000.0,GW4555,Goodwood,ZBHA01,1,0.16,219.17808219178082
600000.0,GW3570,Goodwood,ZSWA03,1,0.16,263.013698630137
300000.0,GW3756,Goodwood,ZSTO02,1,0.14,115.06849315068496
110000.0,GW4551,Goodwood,ZHIB01,1,0.14,42.19178082191781
550000.0,GW3795,Goodwood,ZKOT01,1,0.18,271.2328767123288
200000.0,GW3847,Goodwood,ZKOT01,2,0.18,98.63013698630137
550000.0,GW3976,Goodwood,ZKOT01,3,0.18,271.2328767123288
550000.0,GW4111,Goodwood,ZKOT01,4,0.18,271.2328767123288
550000.0,GW4241,Goodwood,ZKOT01,5,0.18,271.2328767123288
550000.0,GW4355,Goodwood,ZKOT01,6,0.18,271.2328767123288
550000.0,GW4783,Goodwood,ZKOT01,7,0.18,271.2328767123288
418733.56,HVD303,Heron View,ZGEC01,9,0.18,206.49874191780822
500000.0,HVJ103,Heron View,ZGEC01,10,0.18,246.57534246575344
767449.32,HVK206,Heron View,ZGEC01,11,0.18,378.46815780821913
566390.41,HVO105,Heron View,ZGEC01,12,0.18,279.31581863013696
