investor_acc_number,Category,opportunity_code,investment_amount,release_date,end_date,investment_interest_rate
ZWES01,Endulini,EA101,500000.0,2021/08/03,2022/10/24,18.0
ZJEN01,Endulini,EA101,100000.0,2021/08/03,2022/10/24,15.0
ZNAG01,Endulini,EA101,200000.0,2021/10/08,2022/10/24,15.0
ZRIT01,Endulini,EA101,200000.0,2021/12/03,2022/10/24,18.0
ZWIL01,Endulini,EA102,100000.0,2021/08/03,2022/10/17,15.0
ZGIL02,Endulini,EA102,100000.0,2021/09/11,2022/10/17,15.0
ZERA01,Endulini,EA102,200000.0,2021/10/08,2022/10/17,18.0
ZSTO01,Endulini,EA102,200000.0,2021/09/24,2022/10/17,15.0
ZHAU01,Endulini,EA102,300000.0,2021/10/08,2022/10/17,15.0
ZBRO02,Endulini,EA102,100000.0,2021/12/03,2022/10/17,14.0
ZLOU02,Endulini,EA103,500000.0,2021/08/03,2022/11/04,18.0
ZVOL01,Endulini,EA103,500000.0,2021/08/03,2022/10/17,18.0
ZVOL01,Endulini,EA103,311777.39,2022/10/19,2022/11/04,14.0
ZPRO01,Endulini,EA104,1000000.0,2021/08/03,2023/02/03,18.0
ZPRO01,Endulini,EA105,1000000.0,2021/08/03,2022/09/27,18.0
ZLEW01,Endulini,EA106,750000.0,2021/10/22,2022/09/26,18.0
ZDEC01,Endulini,EA106,250000.0,2021/10/22,2022/09/26,15.0
ZTPI01,Endulini,EA107,250000.0,2021/11/04,2023/09/07,15.0
ZSCO01,Endulini,EA107,250000.0,2021/10/22,2023/09/07,15.0
ZVIS01,Endulini,EA107,300000.0,2021/10/22,2023/09/07,18.0
ZVIS01,Endulini,EA107,200000.0,2021/10/22,2023/09/07,18.0
ZMOR02,Endulini,EA107,950000.0,2023/09/15,,10.0
ZKRI02,Endulini,EA108,1000000.0,2021/09/24,2022/09/26,18.0
ZALM01,Endulini,EA109,100000.0,2021/08/03,2022/10/11,18.0
ZKEW01,Endulini,EA109,100000.0,2021/09/24,2022/10/11,15.0
ZDEM01,Endulini,EA109,100000.0,2021/08/03,2022/10/11,15.0
ZNEE01,Endulini,EA109,500000.0,2021/10/22,2022/10/11,18.0
ZRAB02,Endulini,EA109,200000.0,2021/10/22,2022/10/11,15.0
ZSCH03,Endulini,EA201,500000.0,2021/11/04,2023/09/14,18.0
ZELO01,Endulini,EA201,500000.0,2021/09/24,2023/08/28,18.0
ZSLE01,Endulini,EA202,180000.0,2021/11/04,2023/11/13,15.0
ZKRI03,Endulini,EA202,800000.0,2021/10/08,2023/04/04,18.0
ZAFR01,Endulini,EA203,246017.81,2022/05/19,2022/10/04,18.0
ZCUP01,Endulini,EA203,200000.0,2021/11/04,2022/10/04,15.0
ZDEH01,Endulini,EA203,200000.0,2021/11/18,2022/10/04,15.0
ZNUN01,Endulini,EA203,250000.0,2021/12/20,2022/10/04,18.0
ZTRU01,Endulini,EA203,100000.0,2022/04/29,2022/10/04,14.0
ZDEK01,Endulini,EA204,300000.0,2021/11/04,2023/09/14,18.0
ZMOO02,Endulini,EA204,500000.0,2021/11/18,2022/12/09,18.0
ZRIT01,Endulini,EA204,200000.0,2021/12/03,2022/12/09,18.0
ZATK01,Endulini,EA205,340000.0,2023/05/05,2023/08/28,14.0
ZERA01,Endulini,EA205,300000.0,2021/12/03,2023/04/26,18.0
ZMOO02,Endulini,EA205,500000.0,2021/12/20,2023/09/14,18.0
ZLEW03,Endulini,EA205,100000.0,2021/12/03,2023/08/10,14.0
ZLEW03,Endulini,EA205,100000.0,2023/08/11,2023/12/05,14.0
ZJOU01,Endulini,EA205,100000.0,2021/12/03,2023/12/05,14.0
ZSCH03,Endulini,EA206,500000.0,2021/12/20,2023/12/05,18.0
ZSTO01,Endulini,EA206,300000.0,2021/12/03,2023/12/05,16.0
ZJOU02,Endulini,EA206,200000.0,2021/12/03,2023/12/05,14.0
ZARB01,Endulini,EA207,1000000.0,2022/02/04,2023/12/14,18.0
ZFEM01,Endulini,EA208,100000.0,2021/12/20,2022/11/15,14.0
ZVAN03,Endulini,EA208,700000.0,2021/12/03,2022/11/15,16.0
ZWAL02,Endulini,EA208,100000.0,2021/12/20,2022/11/15,14.0
ZLAB01,Endulini,EA209,250000.0,2021/12/20,2023/04/05,16.0
ZLIN01,Endulini,EA209,100000.0,2021/12/20,2023/04/05,14.0
ZNUN01,Endulini,EA209,250000.0,2022/01/22,2023/04/04,18.0
ZWAL02,Endulini,EA209,100000.0,2021/12/20,2023/04/04,14.0
ZKRIE0,Endulini,EA209,250000.0,2021/12/20,2023/04/05,14.0
ZKUS03,Endulini,EA301,100000.0,2021/12/20,2022/10/21,14.0
ZHAL02,Endulini,EA301,100000.0,2021/12/20,2022/10/21,14.0
ZSCA03,Endulini,EA301,100000.0,2021/12/20,2022/10/21,14.0
ZVAN05,Endulini,EA301,500000.0,2021/12/20,2022/10/21,16.0
ZMEY02,Endulini,EA301,200000.0,2021/12/20,2022/10/21,14.0
ZJOR01,Endulini,EA302,200000.0,2022/01/22,2023/12/13,18.0
ZURB01,Endulini,EA302,200000.0,2022/01/22,2023/12/13,14.0
ZNUN01,Endulini,EA302,250000.0,2022/03/23,2024/02/13,18.0
ZNOR01,Endulini,EA302,100000.0,2022/04/06,2024/01/09,14.0
ZJAN04,Endulini,EA302,200000.0,2022/01/22,2024/01/08,14.0
ZDIC01,Endulini,EA303,500000.0,2022/03/23,2022/12/09,18.0
ZWIL02,Endulini,EA303,200000.0,2022/01/22,2023/04/04,14.0
ZDUP01,Endulini,EA303,100000.0,2022/02/24,2023/06/02,14.0
ZHEN01,Endulini,EA303,100000.0,2022/02/11,2023/06/02,14.0
ZBLO01,Endulini,EA304,100000.0,2022/03/23,2022/12/09,14.0
ZRIT01,Endulini,EA304,400000.0,2022/08/02,2022/12/09,18.0
ZDEL01,Endulini,EA304,250000.0,2022/01/22,2022/12/09,18.0
ZNUN01,Endulini,EA304,250000.0,2022/04/29,2022/12/09,18.0
ZCOE01,Endulini,EA305,200000.0,2022/03/23,2023/12/13,14.0
ZMAN01,Endulini,EA305,800000.0,2022/02/11,2024/02/02,16.0
ZVAN07,Endulini,EA306,1000000.0,2022/02/24,2023/11/10,18.0
ZVER02,Endulini,EA307,121558.22,2022/06/01,2023/06/12,14.0
ZWIL02,Endulini,EA307,300000.0,2022/04/06,2023/04/04,16.0
ZPAT01,Endulini,EA307,100000.0,2022/06/01,2023/06/12,14.0
ZKLO01,Endulini,EA307,200000.0,2022/04/29,2023/05/19,14.0
ZHEN01,Endulini,EA307,200000.0,2022/04/29,2023/06/12,14.0
ZVAN08,Endulini,EA307,100000.0,2022/05/07,2023/06/12,14.0
ZROD01,Endulini,EB101,114385.83,2022/05/19,2023/12/12,14.0
ZVIS02,Endulini,EB101,1000000.0,2022/04/29,2023/05/22,18.0
ZJER01,Endulini,EB102,120047.95,2022/04/14,2024/02/13,14.0
ZGER01,Endulini,EB102,1000000.0,2022/04/29,2024/02/13,18.0
ZWED01,Endulini,EB103,1000000.0,2022/07/08,2022/09/28,18.0
ZBRO01,Endulini,EB103,120047.95,2022/04/29,2022/09/28,14.0
ZLEW01,Endulini,EB201,1000000.0,2022/05/07,2022/12/09,18.0
ZALM01,Endulini,EB201,100000.0,2022/05/19,2022/12/09,18.0
ZMOR02,Endulini,EB201,950000.0,2023/09/15,,10.0
ZHEI01,Endulini,EB202,1100000.0,2022/05/26,2024/02/15,18.0
ZHUT01,Endulini,EB203,250000.0,2022/04/14,2022/12/09,16.0
ZWAT01,Endulini,EB203,755844.67,2022/06/01,2022/12/09,18.0
ZALM01,Endulini,EB203,100000.0,2022/05/19,2022/12/09,18.0
ZERA01,Endulini,EC101,500000.0,2021/06/07,2022/10/03,18.0
ZDUP03,Endulini,EC101,500000.0,2021/04/30,2022/10/03,8.0
ZBEL01,Endulini,EC102,250000.0,2021/12/20,2022/10/07,16.0
ZDAV01,Endulini,EC102,250000.0,2021/06/15,2022/10/07,18.0
ZERA02,Endulini,EC102,400000.0,2021/06/15,2022/10/07,15.0
ZMAT03,Endulini,EC102,100000.0,2021/08/03,2022/10/07,15.0
ZKUS02,Endulini,EC201,257878.36,2022/04/29,2022/10/14,14.0
ZOLI01,Endulini,EC201,560000.0,2021/08/03,2022/10/14,18.0
ZNIE01,Endulini,EC201,100000.0,2022/02/04,2022/10/14,18.0
ZNIE02,Endulini,EC201,100000.0,2021/12/03,2022/10/14,15.0
ZVER03,Endulini,EC202,100000.0,2021/06/15,2023/06/09,15.0
ZZEL01,Endulini,EC202,200000.0,2021/09/24,2023/06/09,15.0
ZCRO02,Endulini,EC202,550000.0,2021/06/15,2023/06/09,18.0
ZVAN06,Endulini,EC202,150000.0,2022/03/23,2023/11/02,14.0
ZSON01,Endulini,EC301,844602.74,2021/06/07,2023/05/08,18.0
ZKUS01,Endulini,EC301,138957.77,2022/04/29,2023/11/29,14.0
ZRAN01,Endulini,EC302,200000.0,2021/11/18,2023/04/04,18.0
ZSMI02,Endulini,EC302,500000.0,2021/11/18,2023/04/05,18.0
ZSIV01,Endulini,EC302,100000.0,2021/12/03,2023/04/05,15.0
ZRIT01,Endulini,EC302,200000.0,2021/12/03,2023/04/04,18.0
ZLEB01,Endulini,ED101,350942.62,2021/02/12,2022/04/06,18.0
ZWAT01,Endulini,ED101,605352.4,2020/11/30,2022/04/06,18.0
ZHUT01,Endulini,ED102,200000.0,2021/04/30,2022/05/06,18.0
ZSON01,Endulini,ED102,294523.46,2020/12/15,2022/05/06,18.0
ZDIC01,Endulini,ED102,500000.0,2021/04/30,2022/05/06,18.0
ZSON01,Endulini,ED103,500000.0,2020/12/01,2022/08/08,18.0
ZSON01,Endulini,ED103,500000.0,2020/12/21,2022/08/08,18.0
ZLEW01,Endulini,ED201,763016.87,2021/02/12,2022/04/06,18.0
ZVWY01,Endulini,ED201,117237.44,2021/02/19,2022/04/06,18.0
ZZYL01,Endulini,ED202,819268.49,2021/02/12,2022/05/20,18.0
ZZYL01,Endulini,ED202,200000.0,2021/02/12,2022/05/20,18.0
ZROB01,Endulini,ED203,1000000.0,2021/02/19,2023/03/24,18.0
ZBET01,Endulini,ED301,1000000.0,2021/02/19,2022/05/30,18.0
ZBET01,Endulini,ED302,1000000.0,2021/02/19,2022/06/20,18.0
ZBET01,Endulini,ED303,1000000.0,2021/02/19,2022/05/23,18.0
ZKIR01,Endulini,EE101,100000.0,2021/02/19,2022/04/06,18.0
ZESP01,Endulini,EE101,600000.0,2021/02/19,2022/04/06,18.0
ZROD01,Endulini,EE101,100000.0,2021/02/19,2022/04/06,15.0
ZALM01,Endulini,EE101,100000.0,2021/02/19,2022/04/06,18.0
ZBRO01,Endulini,EE101,100000.0,2021/02/19,2022/04/06,15.0
ZHUT01,Endulini,EE102,200000.0,2021/02/19,2022/04/06,18.0
ZFON01,Endulini,EE102,100000.0,2021/02/19,2022/04/06,18.0
ZLEB01,Endulini,EE102,442851.94,2021/02/12,2022/04/06,18.0
ZINT01,Endulini,EE102,100000.0,2021/02/19,2022/04/06,18.0
ZMCD01,Endulini,EE102,100000.0,2021/02/19,2022/04/06,18.0
ZSCH01,Endulini,EE103,431760.07,2021/01/05,2022/05/06,18.0
ZSON01,Endulini,EE103,569164.39,2020/12/18,2022/05/06,18.0
ZWEL01,Endulini,EE201,281315.07,2021/02/19,2022/05/06,18.0
ZPLA01,Endulini,EE201,500000.0,2021/02/19,2022/05/06,18.0
ZDIC01,Endulini,EE201,200000.0,2021/06/07,2022/05/06,18.0
ZHEI01,Endulini,EE202,260425.86,2021/02/19,2022/05/09,18.0
ZHEI01,Endulini,EE202,239574.4,2021/02/19,2022/05/09,18.0
ZDIC01,Endulini,EE202,500000.0,2021/06/08,2022/05/09,18.0
ZBET01,Endulini,EE203,1000000.0,2021/02/19,2022/05/20,18.0
ZMDE05,Endulini,EE301,176630.0,2021/06/15,2022/05/04,18.0
ZVED01,Endulini,EE301,240948.63,2021/02/19,2022/05/04,18.0
ZRAN01,Endulini,EE301,237477.35,2021/04/30,2022/05/04,18.0
ZRAN01,Endulini,EE301,155252.05,2021/04/30,2022/05/04,18.0
ZRAN01,Endulini,EE301,100443.84,2021/04/30,2022/05/04,18.0
ZLEB01,Endulini,EE302,340718.63,2021/02/19,2022/05/19,18.0
ZWAT01,Endulini,EE302,541409.23,2020/11/06,2022/05/19,18.0
ZSOU01,Endulini,EE302,100000.0,2021/02/19,2022/05/19,15.0
ZBAL01,Endulini,EE303,118979.31,2021/02/19,2022/05/09,18.0
ZMAT01,Endulini,EE303,117210.96,2021/02/13,2022/05/09,18.0
ZMAT01,Endulini,EE303,32789.04,2021/02/13,2022/05/09,18.0
ZSPA01,Endulini,EE303,320000.0,2021/02/12,2022/05/09,18.0
ZNAT01,Endulini,EE303,258940.17,2021/02/19,2022/05/09,18.0
ZBOT01,Endulini,EE303,120391.26,2021/02/19,2022/05/09,18.0
ZWED01,Endulini,EF101,500000.0,2021/02/19,2022/04/06,18.0
ZJER01,Endulini,EF101,100000.0,2021/02/19,2022/04/06,15.0
ZKUS01,Endulini,EF101,109665.75,2021/02/12,2022/04/06,18.0
ZNGO01,Endulini,EF101,100000.0,2021/02/19,2022/04/06,18.0
ZALM01,Endulini,EF101,100000.0,2021/02/19,2022/04/06,18.0
ZWAT01,Endulini,EF102,553419.26,2020/11/25,2022/04/06,18.0
ZKUS02,Endulini,EF102,204000.0,2021/02/19,2022/04/06,18.0
ZROB01,Endulini,EF102,200000.0,2021/02/12,2022/04/06,18.0
ZMDE01,Endulini,EF103,179145.21,2021/06/15,2022/05/30,18.0
ZSCH01,Endulini,EF103,517080.94,2021/01/27,2022/05/30,18.0
ZMCD02,Endulini,EF103,100000.0,2021/04/30,2022/05/30,18.0
ZKUS03,Endulini,EF103,130000.0,2021/04/30,2022/05/30,18.0
ZWED02,Endulini,EF103,50000.0,2021/02/19,2022/05/30,18.0
ZKRU01,Endulini,EF201,500000.0,2021/02/12,2022/05/09,18.0
ZRAB01,Endulini,EF201,100000.0,2021/02/19,2022/05/09,18.0
ZVER02,Endulini,EF201,100000.0,2021/02/19,2022/05/09,15.0
ZDAK01,Endulini,EF201,100000.0,2021/02/19,2022/05/09,18.0
ZNIE01,Endulini,EF201,125000.0,2021/06/15,2022/05/09,18.0
ZRAM01,Endulini,EF202,100000.0,2021/02/19,2022/05/05,18.0
ZKRO02,Endulini,EF202,150000.0,2021/02/19,2022/05/05,18.0
ZHAR01,Endulini,EF202,100000.0,2021/02/19,2022/05/05,18.0
ZJAN01,Endulini,EF202,350000.0,2021/02/19,2022/05/05,18.0
ZPIE01,Endulini,EF202,100000.0,2021/02/19,2022/05/05,18.0
ZMAD01,Endulini,EF202,100000.0,2021/06/15,2022/05/05,18.0
ZNIE01,Endulini,EF202,125000.0,2021/06/15,2022/05/05,18.0
ZHEI01,Endulini,EF203,623724.7,2021/01/22,2022/04/06,18.0
ZHEI01,Endulini,EF203,376275.36,2021/01/22,2022/04/06,18.0
ZSCH01,Heron Fields,HFA101,498918.83,2021/04/30,2022/11/22,18.0
ZCAM01,Heron Fields,HFA101,400000.0,2022/02/18,2022/02/17,18.0
ZCAM01,Heron Fields,HFA101,433413.71,2022/02/18,2022/11/22,18.0
ZZYL03,Heron Fields,HFA102,900000.0,2021/06/05,2022/11/22,18.0
ZELE01,Heron Fields,HFA103,200000.0,2021/04/30,2022/11/22,15.0
ZHIL01,Heron Fields,HFA103,100000.0,2021/06/05,2022/11/22,15.0
ZZYL03,Heron Fields,HFA103,500000.0,2021/06/05,2022/11/22,18.0
ZVAN02,Heron Fields,HFA103,100000.0,2021/06/05,2022/11/22,15.0
ZDEB01,Heron Fields,HFA104,900000.0,2021/06/05,2022/11/22,18.0
ZLUN01,Heron Fields,HFA105,120000.0,2021/06/05,2022/11/22,18.0
ZSPE01,Heron Fields,HFA105,69774.43,2021/07/01,2022/11/22,18.0
ZRAN01,Heron Fields,HFA105,100000.0,2021/07/01,2022/11/22,18.0
ZCRO01,Heron Fields,HFA105,110000.0,2021/06/05,2022/11/22,18.0
ZDEB01,Heron Fields,HFA105,150000.0,2021/06/05,2022/11/22,18.0
ZBLO01,Heron Fields,HFA105,100000.0,2021/06/05,2022/11/22,15.0
ZLAB02,Heron Fields,HFA105,100000.0,2022/02/26,2022/11/22,14.0
ZCOL01,Heron Fields,HFA106,61132.88,2021/06/05,2022/11/22,18.0
ZCOL01,Heron Fields,HFA106,38867.12,2021/06/05,2022/11/22,18.0
ZJOH01,Heron Fields,HFA106,110000.0,2021/04/30,2022/11/22,18.0
ZVZY01,Heron Fields,HFA106,200000.0,2021/06/05,2022/11/22,15.0
ZLOU01,Heron Fields,HFA106,500000.0,2021/06/05,2022/11/22,18.0
ZDAM01,Heron Fields,HFA201,405157.53,2021/04/30,2022/11/22,18.0
ZDAD01,Heron Fields,HFA201,500000.0,2021/06/05,2022/11/22,18.0
ZBEL01,Heron Fields,HFA202,280000.0,2021/04/30,2022/11/30,18.0
ZHUN01,Heron Fields,HFA202,60898.63,2021/04/30,2022/11/30,18.0
ZHUN01,Heron Fields,HFA202,39101.37,2021/04/30,2022/11/30,18.0
ZLEW01,Heron Fields,HFA202,341424.66,2021/06/05,2022/11/30,18.0
ZMAR01,Heron Fields,HFA202,200000.0,2021/04/30,2022/11/30,18.0
ZDAV01,Heron Fields,HFA203,250000.0,2021/06/05,2022/12/02,18.0
ZNGO01,Heron Fields,HFA203,100000.0,2021/06/05,2022/12/02,15.0
ZVBL01,Heron Fields,HFA203,200000.0,2021/06/05,2022/12/02,15.0
ZBAR01,Heron Fields,HFA203,200000.0,2021/06/05,2022/12/02,15.0
ZRAN01,Heron Fields,HFA203,140000.0,2021/07/01,2022/12/02,18.0
ZJBM01,Heron Fields,HFA204,100000.0,2021/06/05,2022/11/22,15.0
ZKOO01,Heron Fields,HFA204,500000.0,2021/06/05,2022/11/22,18.0
ZFEM01,Heron Fields,HFA204,100000.0,2021/06/05,2022/11/22,15.0
ZVAN01,Heron Fields,HFA204,200000.0,2021/06/05,2022/11/22,15.0
ZHEI01,Heron Fields,HFA205,238431.51,2022/07/30,2023/01/17,18.0
ZKOO01,Heron Fields,HFA205,500000.0,2021/06/05,2023/01/17,18.0
ZPJB01,Heron Fields,HFA205,200000.0,2021/06/05,2022/07/18,15.0
ZHEY01,Heron Fields,HFA205,100000.0,2021/06/05,2022/08/31,15.0
ZTPI01,Heron Fields,HFA205,100000.0,2021/07/01,2023/01/17,15.0
ZMAG01,Heron Fields,HFA206,118641.1,2021/07/01,2022/11/22,18.0
ZVDM01,Heron Fields,HFA206,50000.0,2021/04/30,2022/11/22,18.0
ZBOH01,Heron Fields,HFA206,500000.0,2021/06/05,2022/11/22,18.0
ZLEW02,Heron Fields,HFA206,100000.0,2021/06/05,2022/11/22,15.0
ZMAT01,Heron Fields,HFA301,200000.0,2021/07/01,2022/12/06,18.0
ZSCH01,Heron Fields,HFA301,618344.34,2021/06/05,2022/12/06,18.0
ZTSH01,Heron Fields,HFA301,100000.0,2021/07/01,2022/12/06,15.0
ZMCK01,Heron Fields,HFA302,592342.47,2021/06/05,2022/11/22,18.0
ZASD01,Heron Fields,HFA302,300000.0,2021/06/05,2022/11/22,15.0
ZVDW01,Heron Fields,HFA303,500500.0,2021/06/05,2022/12/01,18.0
ZGMA01,Heron Fields,HFA303,100000.0,2021/06/05,2022/12/01,15.0
ZLMA01,Heron Fields,HFA303,200000.0,2021/06/05,2022/12/01,15.0
ZSMI01,Heron Fields,HFA303,100000.0,2021/06/05,2022/12/01,15.0
ZVER02,Heron Fields,HFA304,100000.0,2021/11/08,2023/01/25,14.0
ZJHO01,Heron Fields,HFA304,350000.0,2021/06/05,2022/10/21,15.0
ZJHO01,Heron Fields,HFA304,350000.0,2022/10/21,2022/12/20,15.0
ZKRO01,Heron Fields,HFA304,150000.0,2021/06/05,2023/01/25,15.0
ZPED01,Heron Fields,HFA304,100000.0,2021/06/05,2023/01/25,18.0
ZSOU02,Heron Fields,HFA304,100000.0,2021/11/08,2023/04/04,14.0
ZKRO03,Heron Fields,HFA305,500100.0,2021/06/05,2022/11/30,18.0
ZMUS01,Heron Fields,HFA305,100000.0,2022/02/26,2023/01/16,14.0
ZPRE01,Heron Fields,HFA305,100000.0,2022/01/29,2023/01/16,14.0
ZFOU01,Heron Fields,HFA306,100000.0,2021/06/05,2022/12/06,15.0
ZDEB01,Heron Fields,HFA306,500100.0,2021/06/05,2022/12/06,18.0
ZMAT03,Heron Fields,HFA306,200000.0,2021/12/20,2022/12/06,14.0
ZVOL01,Heron Fields,HFA306,100000.0,2022/01/29,2022/12/06,14.0
ZLUN01,Heron Fields,HFB101,120000.0,2021/04/30,2022/12/14,18.0
ZINT01,Heron Fields,HFB101,100000.0,2021/06/05,2022/12/14,18.0
ZTHO01,Heron Fields,HFB101,100000.0,2021/06/05,2022/12/14,15.0
ZKFT01,Heron Fields,HFB101,500000.0,2021/06/05,2022/12/14,18.0
ZMEH01,Heron Fields,HFB101,100000.0,2021/12/02,2022/12/14,14.0
ZINT01,Heron Fields,HFB102,100000.0,2021/06/05,2022/12/01,18.0
ZJOH01,Heron Fields,HFB102,110000.0,2021/04/30,2022/12/01,18.0
ZSCH02,Heron Fields,HFB102,500000.0,2021/06/05,2022/12/01,18.0
ZCRO01,Heron Fields,HFB102,110000.0,2021/06/05,2022/12/01,18.0
ZGOV01,Heron Fields,HFB102,100000.0,2021/06/05,2022/12/01,15.0
ZMCK01,Heron Fields,HFB103,600000.0,2021/06/05,2022/11/22,18.0
ZINT01,Heron Fields,HFB103,100000.0,2021/04/30,2022/11/22,18.0
ZZYL02,Heron Fields,HFB103,100000.0,2021/06/05,2022/11/22,15.0
ZBET02,Heron Fields,HFB103,100000.0,2021/06/05,2022/11/22,15.0
ZLUN01,Heron Fields,HFB104,120000.0,2021/06/05,2022/11/30,18.0
ZMCD01,Heron Fields,HFB104,531887.67,2021/06/05,2022/11/30,18.0
ZRAN01,Heron Fields,HFB104,100000.0,2022/04/13,2022/11/30,18.0
ZRIB01,Heron Fields,HFB104,150000.0,2021/06/05,2022/12/13,15.0
ZKRU01,Heron Fields,HFB105,628145.58,2021/07/01,2023/01/26,18.0
ZJOH01,Heron Fields,HFB105,110000.0,2021/04/30,2023/01/27,18.0
ZBUR01,Heron Fields,HFB105,150000.0,2021/06/05,2023/03/07,15.0
ZINT01,Heron Fields,HFB106,100000.0,2021/04/30,2023/01/30,18.0
ZWAY01,Heron Fields,HFB106,100000.0,2021/06/05,2023/01/30,15.0
ZBAR02,Heron Fields,HFB106,300000.0,2021/06/05,2023/01/30,15.0
ZTSO01,Heron Fields,HFB106,400000.0,2021/06/05,2023/01/30,15.0
ZLUN01,Heron Fields,HFB107,120000.0,2021/06/05,2023/04/11,18.0
ZJOR01,Heron Fields,HFB107,500000.0,2021/06/05,2023/02/24,18.0
ZDIC01,Heron Fields,HFB107,300000.0,2021/06/05,2023/04/11,18.0
ZJOH01,Heron Fields,HFB108,110000.0,2021/04/30,2023/01/27,18.0
ZCRO01,Heron Fields,HFB108,110000.0,2021/06/05,2023/01/27,18.0
ZDEK01,Heron Fields,HFB108,200000.0,2021/06/05,2023/02/27,15.0
ZSCA01,Heron Fields,HFB108,500000.0,2021/12/02,2023/02/27,18.0
ZINT01,Heron Fields,HFB109,100000.0,2021/04/30,2023/03/14,18.0
ZHAM01,Heron Fields,HFB109,100000.0,2021/06/05,2023/03/14,15.0
ZCRO01,Heron Fields,HFB109,110000.0,2021/06/05,2023/03/14,18.0
ZGIL01,Heron Fields,HFB109,600000.0,2021/06/05,2023/03/14,18.0
ZPED01,Heron Fields,HFB110,900000.0,2021/06/05,2023/04/03,18.0
ZLUN01,Heron Fields,HFB111,100000.0,2021/06/05,2023/04/11,18.0
ZCRO01,Heron Fields,HFB111,110000.0,2021/06/05,2023/04/11,18.0
ZSCH03,Heron Fields,HFB111,200000.0,2021/06/05,2023/04/11,15.0
ZSCA02,Heron Fields,HFB111,500000.0,2021/11/08,2023/04/11,18.0
ZGLO01,Heron Fields,HFB201,800000.0,2021/07/01,2023/01/10,18.0
ZBEN01,Heron Fields,HFB201,100000.0,2021/06/05,2023/01/10,15.0
ZMIN01,Heron Fields,HFB202,500000.0,2021/07/01,2022/11/30,18.0
ZRUS01,Heron Fields,HFB202,250000.0,2021/06/05,2023/03/22,15.0
ZVAL01,Heron Fields,HFB202,150000.0,2021/06/05,2023/03/22,15.0
ZWAL01,Heron Fields,HFB203,150000.0,2021/06/05,2023/01/10,15.0
ZDIC01,Heron Fields,HFB203,600000.0,2021/06/05,2022/11/30,18.0
ZDEB01,Heron Fields,HFB204,900000.0,2021/06/05,2023/03/13,18.0
ZDEB01,Heron Fields,HFB205,900000.0,2021/06/05,2023/02/17,18.0
ZDEL01,Heron Fields,HFB206,1000000.0,2022/02/26,2024/02/21,18.0
ZGIL01,Heron Fields,HFB207,400000.0,2021/06/05,2023/06/29,18.0
ZDAD01,Heron Fields,HFB207,500000.0,2021/06/05,2023/04/19,18.0
ZHAA01,Heron Fields,HFB208,500000.0,2021/06/05,2023/03/17,18.0
ZFLA01,Heron Fields,HFB208,400000.0,2022/10/06,2023/03/17,15.0
ZDEB01,Heron Fields,HFB209,900000.0,2021/06/05,2023/04/20,18.0
ZEDE01,Heron Fields,HFB210,500000.0,2021/06/05,2023/04/19,18.0
ZJAN02,Heron Fields,HFB210,100000.0,2022/04/13,2024/02/21,14.0
ZMBA01,Heron Fields,HFB210,200000.0,2022/02/26,2024/02/01,14.0
ZAFR01,Heron Fields,HFB211,700000.0,2021/06/05,2023/04/19,18.0
ZBEN02,Heron Fields,HFB211,200000.0,2021/06/05,2023/06/29,15.0
ZDIC01,Heron Fields,HFB212,900000.0,2021/06/05,2023/05/10,18.0
ZREN01,Heron Fields,HFB213,1000000.0,2021/12/20,2023/12/07,18.0
ZDEL01,Heron Fields,HFB214,1000000.0,2022/02/26,2023/07/21,18.0
ZLAB01,Heron Fields,HFB301,500000.0,2022/02/26,2023/01/30,16.0
ZKUS04,Heron Fields,HFB301,500000.0,2022/04/13,2023/01/30,16.0
ZPRO01,Heron Fields,HFB302,1000000.0,2021/12/20,2023/01/26,18.0
ZRUD01,Heron Fields,HFB303,150000.0,2022/04/13,2023/01/16,14.0
ZLOU03,Heron Fields,HFB303,350000.0,2022/04/13,2023/01/16,14.0
ZDOT01,Heron Fields,HFB304,1000000.0,2022/05/09,2023/04/11,18.0
ZSCH04,Heron Fields,HFB306,1000000.0,2022/03/24,2023/04/04,18.0
ZVOR01,Heron Fields,HFB307,200000.0,2022/03/23,2023/04/04,16.0
ZROU01,Heron Fields,HFB307,200000.0,2022/03/23,2023/04/04,14.0
ZGOF01,Heron Fields,HFB308,1000000.0,2022/04/13,2023/03/24,18.0
ZVED01,Heron Fields,HFB309,299172.38,2022/06/07,2023/06/09,14.0
ZJAN03,Heron Fields,HFB309,100000.0,2022/04/13,2023/06/09,14.0
ZBLU01,Heron Fields,HFB309,400000.0,2022/02/26,2023/06/09,14.0
ZPRO01,Heron Fields,HFB310,1000000.0,2021/12/20,2023/03/29,18.0
ZVOR01,Heron Fields,HFB311,100000.0,2022/05/25,2023/04/19,16.0
ZREN01,Heron Fields,HFB311,500000.0,2022/01/29,2023/04/19,18.0
ZREN01,Heron Fields,HFB312,1000000.0,2022/01/20,2023/04/11,18.0
ZCON01,Heron Fields,HFB313,1068455.0,2022/03/30,2023/05/05,14.0
ZERA02,Heron View,HVC101,380000.0,2022/11/24,2023/08/16,14.0
ZDEH01,Heron View,HVC101,229383.56,2022/11/24,2023/08/16,14.0
ZCON01,Heron View,HVC101,503089.15,2022/04/30,2023/08/16,14.0
ZKRI02,Heron View,HVC102,1100000.0,2022/10/27,2023/08/16,18.0
ZDEV01,Heron View,HVC103,1000000.0,2022/10/27,2023/09/05,18.0
ZTHA01,Heron View,HVC103,118391.41,2022/11/03,2023/09/05,14.0
ZBEL01,Heron View,HVC104,280000.0,2022/11/03,2023/08/29,16.0
ZLEW01,Heron View,HVC104,800000.0,2022/11/24,2023/08/29,18.0
ZWED01,Heron View,HVC105,1000000.0,2022/10/27,2023/09/06,18.0
ZDEM01,Heron View,HVC105,118537.67,2022/11/24,2023/09/06,14.0
ZOLI01,Heron View,HVC106,560000.0,2022/11/24,2023/09/01,18.0
ZRIT01,Heron View,HVC106,300000.0,2022/11/24,2023/09/01,18.0
ZNUN01,Heron View,HVC106,250000.0,2022/11/11,2023/09/01,18.0
ZDAV01,Heron View,HVC201,250000.0,2022/11/24,2023/09/08,16.0
ZKUS03,Heron View,HVC201,112071.92,2022/12/08,2023/09/08,14.0
ZCON01,Heron View,HVC201,694542.34,2022/05/30,2023/09/08,14.0
ZINT01,Heron View,HVC202,100000.0,2023/05/26,,18.0
ZALM01,Heron View,HVC202,100000.0,2022/11/24,,18.0
ZRAB02,Heron View,HVC202,300000.0,2022/12/08,,14.0
ZRIT01,Heron View,HVC202,300000.0,2022/11/24,,18.0
ZVAN11,Heron View,HVC202,100000.0,2022/12/08,,14.0
ZPER01,Heron View,HVC202,100000.0,2022/12/08,,14.0
ZMON01,Heron View,HVC202,100000.0,2023/03/31,,14.0
ZDEC01,Heron View,HVC203,1000000.0,2022/11/24,2023/08/16,18.0
ZNIE02,Heron View,HVC203,100000.0,2022/11/24,2023/08/16,14.0
ZKUS02,Heron View,HVC204,275583.65,2022/11/24,,14.0
ZFEM01,Heron View,HVC204,113202.05,2022/12/21,,14.0
ZCRO01,Heron View,HVC204,150000.0,2023/06/30,,18.0
ZWIL01,Heron View,HVC204,118664.38,2022/12/08,,14.0
ZSTO01,Heron View,HVC204,200000.0,2022/11/24,,16.0
ZVAN10,Heron View,HVC204,250000.0,2022/11/24,,14.0
ZSCA03,Heron View,HVC205,111894.52,2022/12/08,,14.0
ZWAL02,Heron View,HVC205,100000.0,2022/12/08,,14.0
ZMIL01,Heron View,HVC205,500000.0,2022/12/08,,16.0
ZVIV01,Heron View,HVC205,400000.0,2022/12/08,,14.0
ZKRI02,Heron View,HVC206,1100000.0,2022/10/27,,18.0
ZINT01,Heron View,HVC301,100000.0,2023/05/26,2023/08/16,18.0
ZCON01,Heron View,HVC301,990694.47,2022/07/13,2023/08/16,14.0
ZKEW01,Heron View,HVC302,117205.48,2022/12/08,,14.0
ZCON01,Heron View,HVC302,990694.47,2022/07/13,,14.0
ZWES01,Heron View,HVC303,500000.0,2022/12/08,2023/09/08,16.0
ZJEN01,Heron View,HVC303,118969.18,2022/12/08,2023/09/08,14.0
ZRIT01,Heron View,HVC303,232778.08,2022/12/08,2023/09/08,18.0
ZMEY02,Heron View,HVC303,223789.04,2022/12/08,2023/09/08,14.0
ZVAN05,Heron View,HVC304,1028006.85,2022/12/08,,18.0
ZKRO01,Heron View,HVC305,100000.0,2022/12/21,,16.0
ZDEK01,Heron View,HVC305,254616.44,2023/06/30,,16.0
ZVOL01,Heron View,HVC305,313690.76,2022/12/08,,14.0
ZDUT01,Heron View,HVC305,100000.0,2022/12/08,,14.0
ZBER01,Heron View,HVC305,350000.0,2022/12/14,,18.0
ZVAN05,Heron View,HVC306,1100000.0,2022/12/08,,18.0
ZINT01,Heron View,HVD101,100000.0,2022/05/25,2023/12/12,18.0
ZWAT01,Heron View,HVD101,715859.19,2022/06/01,2023/12/12,18.0
ZMAT03,Heron View,HVD101,200000.0,2022/05/25,2024/01/17,16.0
ZLEB01,Heron View,HVD102,500000.0,2022/05/13,2024/02/01,18.0
ZHAL03,Heron View,HVD102,500000.0,2022/09/15,2023/12/12,16.0
ZLEB01,Heron View,HVD103,551117.11,2022/05/13,2024/02/01,18.0
ZCUP01,Heron View,HVD103,100000.0,2023/03/23,2024/02/01,14.0
ZHEN01,Heron View,HVD103,100000.0,2022/06/07,2023/12/12,14.0
ZZYL04,Heron View,HVD103,100000.0,2022/05/25,2024/01/08,14.0
ZLES01,Heron View,HVD103,150000.0,2023/03/31,2023/12/12,14.0
ZFON01,Heron View,HVD104,622783.56,2022/05/25,2023/12/12,16.0
ZGMA01,Heron View,HVD104,200000.0,2022/05/25,2024/02/01,14.0
ZVAL02,Heron View,HVD104,200000.0,2022/05/25,2024/02/01,14.0
ZHUT01,Heron View,HVD201,250000.0,2022/06/09,2023/12/12,16.0
ZHEI01,Heron View,HVD201,771986.94,2022/06/07,2023/12/12,18.0
ZWEL01,Heron View,HVD202,146383.1,2022/06/09,,16.0
ZSON01,Heron View,HVD202,288241.52,2022/09/15,,18.0
ZHAR01,Heron View,HVD202,126369.86,2022/06/23,,14.0
ZJAN01,Heron View,HVD202,350000.0,2022/06/09,,14.0
ZFER01,Heron View,HVD202,100000.0,2022/08/18,,14.0
ZDIC01,Heron View,HVD203,1000000.0,2022/06/09,,18.0
ZNAT01,Heron View,HVD204,324145.21,2022/06/23,2023/11/03,14.0
ZSCH01,Heron View,HVD204,549828.71,2022/06/07,2024/02/08,18.0
ZBOT01,Heron View,HVD204,149779.92,2022/06/07,2024/02/08,14.0
ZSON01,Heron View,HVD301,1000000.0,2022/06/23,2024/01/08,18.0
ZKRU01,Heron View,HVD302,630284.25,2022/06/01,,18.0
ZWEL01,Heron View,HVD302,353616.9,2022/06/23,,16.0
ZPLA01,Heron View,HVD303,600000.0,2022/06/09,,16.0
ZDIC01,Heron View,HVD303,418733.56,2022/06/23,,18.0
ZRAN01,Heron View,HVD304,850000.0,2022/06/23,,18.0
ZOOS01,Heron View,HVD304,150000.0,2022/07/01,,14.0
ZVER02,Heron View,HVE101,115294.52,2024/01/30,,14.0
ZMEY02,Heron View,HVE101,249607.55,2024/01/30,,14.0
ZFER02,Heron View,HVE102,115099.32,2024/01/30,,14.0
ZHOW01,Heron View,HVE203,1200000.0,2024/01/30,,18.0
ZHOW01,Heron View,HVE302,1200000.0,2024/01/30,,18.0
ZCRO01,Heron View,HVE303,110000.0,2023/10/25,,18.0
ZHOW01,Heron View,HVE303,600000.0,2024/01/30,,18.0
ZOLI01,Heron View,HVF104,560000.0,2023/12/20,,18.0
ZRIT01,Heron View,HVF104,343865.75,2023/10/25,,18.0
ZJEN01,Heron View,HVF202,132283.95,2024/01/30,,14.0
ZRIT01,Heron View,HVF202,266623.38,2023/10/25,,18.0
ZELO02,Heron View,HVF202,681304.79,2024/01/30,,16.0
ZHUM01,Heron View,HVF203,100000.0,2023/12/13,,14.0
ZCRO01,Heron View,HVG101,110000.0,2023/07/22,,18.0
ZWIL02,Heron View,HVG101,1000000.0,2023/08/30,,18.0
ZSIV01,Heron View,HVG102,121786.3,2023/08/23,,14.0
ZKRIE0,Heron View,HVG102,1000000.0,2023/09/20,,18.0
ZSCA02,Heron View,HVG103,550000.0,2023/09/29,,18.0
ZDEJ01,Heron View,HVG103,550000.0,2023/09/29,,16.0
ZVOR01,Heron View,HVG104,117422.6,2023/10/25,,18.0
ZDOT01,Heron View,HVG104,1000000.0,2023/09/29,,18.0
ZREN01,Heron View,HVG201,1000000.0,2023/08/30,,18.0
ZVAN05,Heron View,HVG201,125000.0,2023/09/29,,18.0
ZRAN01,Heron View,HVG202,200000.0,2023/11/22,,18.0
ZSCA02,Heron View,HVG202,600000.0,2023/08/30,,18.0
ZLAB01,Heron View,HVG202,302195.21,2023/07/22,,18.0
ZRAN01,Heron View,HVG203,252491.78,2023/07/22,,18.0
ZSMI02,Heron View,HVG203,631732.88,2023/08/30,,18.0
ZTHA01,Heron View,HVG203,100000.0,2023/11/22,,18.0
ZGEL01,Heron View,HVG203,100000.0,2023/11/22,,14.0
ZBEL01,Heron View,HVG204,250000.0,2023/11/22,,18.0
ZMOS01,Heron View,HVG204,350000.0,2023/09/29,,14.0
ZBAS01,Heron View,HVG204,500000.0,2023/09/29,,16.0
ZNIE01,Heron View,HVG301,500000.0,2023/09/29,,18.0
ZVAN05,Heron View,HVG301,200000.0,2023/09/29,,18.0
ZHAR02,Heron View,HVG301,400000.0,2023/09/29,,14.0
ZEDE01,Heron View,HVG302,600000.0,2023/10/25,,16.0
ZDAD01,Heron View,HVG302,473976.03,2023/09/29,,18.0
ZVER02,Heron View,HVG303,139300.72,2023/11/29,,14.0
ZAFR01,Heron View,HVG303,943566.44,2023/10/25,,18.0
ZSCA02,Heron View,HVG304,500000.0,2023/10/25,,18.0
ZREN01,Heron View,HVG304,500000.0,2023/09/29,,18.0
ZJOS01,Heron View,HVG304,100000.0,2023/11/22,,14.0
ZHAN07,Heron View,HVH101,1100000.0,2023/10/25,,18.0
ZHAN07,Heron View,HVH102,1100000.0,2023/10/25,,18.0
ZHAN07,Heron View,HVH103,1100000.0,2023/10/25,,18.0
ZHAN07,Heron View,HVH104,1100000.0,2023/10/25,,18.0
ZHAN07,Heron View,HVH201,1100000.0,2023/11/29,,18.0
ZHAN07,Heron View,HVH202,1100000.0,2023/12/13,,18.0
ZHAN07,Heron View,HVH203,1100000.0,2023/12/13,,18.0
ZHAN07,Heron View,HVH204,1100000.0,2023/12/13,,18.0
ZDEB01,Heron View,HVI101,1100000.0,2023/10/25,,18.0
ZBEL01,Heron View,HVI102,351000.0,2023/11/22,,18.0
ZCOE02,Heron View,HVI102,400000.0,2023/10/25,,14.0
ZCAR01,Heron View,HVI102,150000.0,2023/11/29,,14.0
ZNEL01,Heron View,HVI102,200000.0,2023/11/29,,14.0
ZSWA02,Heron View,HVI103,1000000.0,2023/11/29,,18.0
ZRUS01,Heron View,HVI104,1000000.0,2023/11/29,,18.0
ZDUP01,Heron View,HVI104,100000.0,2023/11/29,,14.0
ZESP01,Heron View,HVI201,700000.0,2023/11/22,,16.0
ZKRO01,Heron View,HVI201,300000.0,2023/12/13,,18.0
ZDEL01,Heron View,HVI201,100000.0,2023/11/29,,18.0
ZKRI02,Heron View,HVI202,1100000.0,2023/11/29,,18.0
ZKRI02,Heron View,HVI203,1100000.0,2023/11/29,,18.0
ZMYB01,Heron View,HVI204,1100000.0,2023/12/20,,18.0
ZOLI01,Heron View,HVJ101,500000.0,2022/08/06,,18.0
ZVAN05,Heron View,HVJ101,525000.0,2022/08/04,,18.0
ZSCH01,Heron View,HVJ102,642671.4,2022/07/15,,18.0
ZMCD02,Heron View,HVJ102,100000.0,2022/07/01,,14.0
ZKUS03,Heron View,HVJ102,164674.38,2022/07/01,,14.0
ZWAL02,Heron View,HVJ102,100000.0,2022/12/08,,14.0
ZJER01,Heron View,HVJ103,100000.0,2022/08/25,,14.0
ZDIC01,Heron View,HVJ103,500000.0,2022/08/10,,18.0
ZZYL05,Heron View,HVJ103,400000.0,2022/08/04,,14.0
ZZYL02,Heron View,HVJ201,200000.0,2022/12/21,,14.0
ZBUM01,Heron View,HVJ201,500000.0,2022/08/10,,18.0
ZSMI03,Heron View,HVJ201,300000.0,2022/09/07,,16.0
ZLAB01,Heron View,HVJ202,1000000.0,2022/09/07,,18.0
ZBUM01,Heron View,HVJ203,1000000.0,2022/08/18,,18.0
ZBRO01,Heron View,HVJ301,127553.41,2022/11/03,,14.0
ZSMI03,Heron View,HVJ301,300000.0,2022/09/07,,16.0
ZMAN02,Heron View,HVJ301,550000.0,2022/09/07,,18.0
ZVER04,Heron View,HVJ302,500000.0,2022/08/25,,18.0
ZMAN02,Heron View,HVJ302,500000.0,2022/09/07,,18.0
ZVER04,Heron View,HVJ303,1000000.0,2022/08/25,,18.0
ZFOU02,Heron View,HVJ401,1000000.0,2022/09/07,,18.0
ZVIS02,Heron View,HVJ402,1000000.0,2022/09/07,,18.0
ZVER04,Heron View,HVJ403,500000.0,2022/08/25,,18.0
ZFOU02,Heron View,HVJ403,500000.0,2022/09/07,,18.0
ZINT01,Heron View,HVK101,100000.0,2023/06/30,,18.0
ZMIN01,Heron View,HVK101,500000.0,2023/03/31,,16.0
ZCRO01,Heron View,HVK101,150000.0,2023/06/30,,18.0
ZRIT01,Heron View,HVK101,288000.0,2022/12/14,,18.0
ZVAN05,Heron View,HVK102,1100000.0,2022/12/14,,18.0
ZDAM01,Heron View,HVK103,423120.71,2022/12/21,,14.0
ZELE01,Heron View,HVK103,200000.0,2022/12/21,,14.0
ZJOH01,Heron View,HVK103,110000.0,2023/02/10,,18.0
ZCRO01,Heron View,HVK103,110000.0,2023/02/10,,18.0
ZRIT01,Heron View,HVK103,248756.16,2023/07/22,,18.0
ZINT01,Heron View,HVK104,100000.0,2023/02/23,,18.0
ZNIE01,Heron View,HVK104,1000000.0,2023/04/28,,18.0
ZBOH01,Heron View,HVK105,1000000.0,2023/02/03,,18.0
ZCRO01,Heron View,HVK105,120000.0,2022/12/21,,18.0
ZZYL03,Heron View,HVK106,1107195.21,2022/12/21,,18.0
ZVAN05,Heron View,HVK201,1100000.0,2022/12/21,,18.0
ZVDM01,Heron View,HVK202,65218.15,2023/03/01,,14.0
ZZYL03,Heron View,HVK202,608441.78,2023/03/31,,18.0
ZRAN01,Heron View,HVK202,126300.0,2023/02/10,,18.0
ZBLO01,Heron View,HVK202,100000.0,2022/12/21,,14.0
ZLAB02,Heron View,HVK202,112707.53,2022/12/21,,14.0
ZSPE01,Heron View,HVK203,90419.06,2023/03/31,,14.0
ZASD01,Heron View,HVK203,510000.0,2022/12/21,,16.0
ZLOU01,Heron View,HVK203,500000.0,2023/04/28,,16.0
ZCAM01,Heron View,HVK204,400000.0,2023/03/31,,14.0
ZFEM01,Heron View,HVK204,124948.63,2022/12/21,,14.0
ZKRO03,Heron View,HVK204,600000.0,2023/02/23,,16.0
ZVDW01,Heron View,HVK205,1000500.0,2023/03/31,,18.0
ZZYL02,Heron View,HVK205,123613.01,2022/12/21,,14.0
ZCOL01,Heron View,HVK206,130133.7,2023/03/23,,14.0
ZFOU01,Heron View,HVK206,100000.0,2023/03/31,,14.0
ZGOV01,Heron View,HVK206,122921.23,2023/02/10,,14.0
ZDIC01,Heron View,HVK206,767449.32,2023/04/28,,18.0
ZDAV01,Heron View,HVK301,250000.0,2023/02/10,,16.0
ZHIL01,Heron View,HVK301,123390.41,2022/12/21,,14.0
ZJBM01,Heron View,HVK301,124948.63,2022/12/21,,14.0
ZBAR01,Heron View,HVK301,251198.63,2023/03/01,,14.0
ZVAN05,Heron View,HVK301,350000.0,2022/12/14,,18.0
ZBEL01,Heron View,HVK302,369059.18,2023/03/01,,16.0
ZLEW01,Heron View,HVK302,400000.0,2023/02/23,,18.0
ZMAR01,Heron View,HVK302,100000.0,2023/02/23,,14.0
ZJOH01,Heron View,HVK302,110000.0,2023/03/10,,18.0
ZCRO01,Heron View,HVK302,110000.0,2023/03/10,,18.0
ZHUN01,Heron View,HVK303,150000.0,2023/02/23,,14.0
ZINT01,Heron View,HVK303,100000.0,2023/03/23,,18.0
ZCRO01,Heron View,HVK303,120000.0,2023/03/10,,18.0
ZDAD01,Heron View,HVK303,637482.88,2023/03/31,,18.0
ZMEH01,Heron View,HVK303,115557.53,2023/03/31,,14.0
ZMCD01,Heron View,HVK304,450000.0,2023/02/23,,14.0
ZSCH02,Heron View,HVK304,648863.01,2023/03/10,,18.0
ZSCH01,Heron View,HVK305,806083.85,2023/03/31,,18.0
ZTSH01,Heron View,HVK305,123565.07,2023/03/31,,14.0
ZRAN01,Heron View,HVK305,178013.84,2023/04/28,,18.0
ZRIT01,Heron View,HVK306,100000.0,2023/05/26,,18.0
ZBUF01,Heron View,HVK306,1000000.0,2023/02/23,,18.0
ZRAN01,Heron View,HVK401,114452.74,2023/03/31,,18.0
ZVAN13,Heron View,HVK401,1000000.0,2023/02/23,,18.0
ZVAN02,Heron View,HVK402,123099.32,2023/03/10,,14.0
ZVAN14,Heron View,HVK402,1000000.0,2023/03/31,,18.0
ZMCK01,Heron View,HVK403,100000.0,2023/05/26,,18.0
ZLUN01,Heron View,HVK403,150000.0,2023/06/30,,18.0
ZINT01,Heron View,HVK403,100000.0,2023/03/23,,18.0
ZALM01,Heron View,HVK403,150000.0,2023/06/30,,18.0
ZKRO01,Heron View,HVK403,189647.26,2023/05/26,,16.0
ZTHA01,Heron View,HVK403,124599.32,2023/03/23,,16.0
ZHAN06,Heron View,HVK403,200000.0,2023/03/31,,14.0
ZGRA01,Heron View,HVK403,100000.0,2023/03/31,,14.0
ZMCK01,Heron View,HVK404,1100000.0,2023/05/26,,18.0
ZVER02,Heron View,HVK405,117916.44,2023/05/26,,14.0
ZVAN15,Heron View,HVK405,1000000.0,2023/05/26,,18.0
ZVOL01,Heron View,HVK406,114058.91,2023/03/31,,14.0
ZVAN13,Heron View,HVK406,500000.0,2023/03/31,,18.0
ZVAN14,Heron View,HVK406,500000.0,2023/03/31,,18.0
ZMYB01,Heron View,HVL101,1100000.0,2023/12/20,,18.0
ZMYB01,Heron View,HVL102,700000.0,2023/12/20,,18.0
ZVOL01,Heron View,HVL102,250000.0,2023/11/29,,16.0
ZTUR01,Heron View,HVL102,100000.0,2023/11/29,,14.0
ZCRO02,Heron View,HVL103,1000004.32,2023/12/13,,18.0
ZSIP01,Heron View,HVL103,100000.0,2023/11/29,,14.0
ZMYB01,Heron View,HVL104,1100000.0,2023/12/20,,18.0
ZKUS03,Heron View,HVL201,100000.0,2023/12/13,,14.0
ZHEN01,Heron View,HVL201,400000.0,2023/11/29,,16.0
ZDEL01,Heron View,HVL202,1200000.0,2024/01/30,,18.0
ZERA02,Heron View,HVL203,300000.0,2023/12/13,,14.0
ZDEL01,Heron View,HVL203,180000.0,2023/12/13,,18.0
ZBUM01,Heron View,HVL203,150000.0,2023/12/13,,18.0
ZINT01,Heron View,HVL204,106997.26,2023/08/23,,18.0
ZNIE02,Heron View,HVL204,100000.0,2023/12/13,,14.0
ZKOO01,Heron View,HVM101,500000.0,2023/08/23,,16.0
ZAFR01,Heron View,HVM101,300931.51,2023/07/22,,18.0
ZRIT01,Heron View,HVM101,300000.0,2023/08/23,,18.0
ZSCH04,Heron View,HVM102,500000.0,2023/07/22,,18.0
ZRIT01,Heron View,HVM102,300000.0,2023/08/23,,18.0
ZNUN01,Heron View,HVM102,304366.44,2023/07/22,,18.0
ZROU01,Heron View,HVM103,234453.42,2023/07/22,,14.0
ZSCH04,Heron View,HVM103,500000.0,2023/08/23,,18.0
ZRIT01,Heron View,HVM103,300000.0,2023/08/23,,18.0
ZDEB01,Heron View,HVM104,1100000.0,2023/06/30,,18.0
ZGOF01,Heron View,HVM201,1100000.0,2023/07/22,,18.0
ZAFR01,Heron View,HVM202,1100000.0,2023/07/22,,18.0
ZPED01,Heron View,HVM203,1100000.0,2023/07/22,,18.0
ZDAD01,Heron View,HVM204,200000.0,2023/07/22,,18.0
ZKRI03,Heron View,HVM204,900000.0,2023/08/30,,16.0
ZMAT01,Heron View,HVN101,187141.65,2022/08/04,2024/01/19,14.0
ZZYL01,Heron View,HVN101,281440.66,2022/07/21,2024/01/19,18.0
ZVAN03,Heron View,HVN101,300000.0,2022/07/01,2024/01/19,18.0
ZFER01,Heron View,HVN101,100000.0,2022/08/10,2024/01/19,14.0
ZMAQ01,Heron View,HVN101,100000.0,2022/08/10,2024/01/19,14.0
ZZYL01,Heron View,HVN102,1000000.0,2022/07/28,,18.0
ZWAT01,Heron View,HVN103,700980.33,2022/07/01,2023/12/12,18.0
ZLER01,Heron View,HVN103,250000.0,2022/07/21,2024/01/17,18.0
ZLEB01,Heron View,HVN104,500000.0,2022/07/01,,18.0
ZDEL01,Heron View,HVN104,500000.0,2022/07/01,,18.0
ZDEL01,Heron View,HVN201,1000000.0,2022/07/01,2024/01/17,18.0
ZERF01,Heron View,HVN202,1000000.0,2022/07/28,2024/02/05,18.0
ZDEL01,Heron View,HVN203,250000.0,2022/07/01,2024/02/01,18.0
ZLER01,Heron View,HVN203,750000.0,2022/07/15,2024/02/14,18.0
ZVAL03,Heron View,HVN204,1000000.0,2022/07/21,2024/01/23,18.0
ZDEL01,Heron View,HVN301,1000000.0,2022/07/01,,18.0
ZAMP01,Heron View,HVN302,1000000.0,2022/07/21,,18.0
ZERF01,Heron View,HVN303,1000000.0,2022/08/04,,18.0
ZSCH01,Heron View,HVN304,400000.0,2022/07/21,,18.0
ZVDM01,Heron View,HVN304,100000.0,2022/07/01,,14.0
ZMAD01,Heron View,HVN304,147910.96,2022/07/01,,14.0
ZBLO01,Heron View,HVN304,100000.0,2023/03/31,,14.0
ZDEL01,Heron View,HVN304,265000.0,2022/07/01,,18.0
ZINT01,Heron View,HVO101,100000.0,2023/05/26,,18.0
ZWAT01,Heron View,HVO101,435021.99,2023/04/28,,18.0
ZVOR01,Heron View,HVO101,238516.44,2023/07/22,,14.0
ZALM01,Heron View,HVO101,100000.0,2023/02/23,,18.0
ZJOH01,Heron View,HVO101,110000.0,2023/05/26,,18.0
ZCRO01,Heron View,HVO101,120000.0,2023/05/26,,18.0
ZALM01,Heron View,HVO102,100000.0,2023/02/23,,18.0
ZKFT01,Heron View,HVO102,250000.0,2023/03/31,,14.0
ZPED01,Heron View,HVO102,131234.94,2023/05/26,,18.0
ZRIB01,Heron View,HVO102,186816.78,2023/03/23,,14.0
ZRIT01,Heron View,HVO102,429243.84,2023/03/31,,18.0
ZMOO02,Heron View,HVO103,602626.71,2023/03/31,,18.0
ZRIT01,Heron View,HVO103,237315.07,2023/03/31,,18.0
ZNUN01,Heron View,HVO103,278815.07,2023/04/28,,18.0
ZLEW01,Heron View,HVO104,1108630.14,2023/03/31,,18.0
ZHUT01,Heron View,HVO105,250000.0,2023/03/23,,16.0
ZDIC01,Heron View,HVO105,566390.41,2023/04/28,,18.0
ZDEL01,Heron View,HVO105,291044.52,2023/03/31,,18.0
ZMAT01,Heron View,HVO201,256652.05,2023/05/26,,14.0
ZJOH01,Heron View,HVO201,110000.0,2023/05/26,,18.0
ZCRO01,Heron View,HVO201,100000.0,2023/04/28,,18.0
ZVAN05,Heron View,HVO201,350000.0,2023/06/30,,18.0
ZTHA01,Heron View,HVO201,229795.89,2023/03/31,,16.0
ZHEI01,Heron View,HVO202,258587.14,2023/05/26,,18.0
ZWAL01,Heron View,HVO202,187515.41,2023/03/31,,14.0
ZLOU03,Heron View,HVO202,500000.0,2023/04/28,,16.0
ZDEL01,Heron View,HVO202,170585.96,2023/04/28,,18.0
ZKRU01,Heron View,HVO203,819398.7,2023/05/26,,18.0
ZCRO01,Heron View,HVO203,110000.0,2023/05/26,,18.0
ZVAL01,Heron View,HVO203,192071.92,2023/07/22,,14.0
ZTSO01,Heron View,HVO204,504150.68,2023/05/26,,16.0
ZLAB01,Heron View,HVO204,586801.37,2023/05/26,,18.0
ZKUS04,Heron View,HVO205,1000000.0,2023/05/26,,18.0
ZVAN10,Heron View,HVO205,100000.0,2023/05/26,,18.0
ZGOF01,Heron View,HVO301,101260.27,2023/07/22,,18.0
ZVAN08,Heron View,HVO301,115687.67,2023/11/29,,14.0
ZDEV02,Heron View,HVO301,600000.0,2023/06/30,,18.0
ZLAM01,Heron View,HVO301,200000.0,2023/11/22,,14.0
ZMAT04,Heron View,HVO301,100000.0,2023/12/13,,14.0
ZPED01,Heron View,HVO302,111295.21,2023/07/22,,18.0
ZVIS03,Heron View,HVO302,900000.0,2023/06/30,,16.0
ZLER02,Heron View,HVO302,100000.0,2023/07/22,,14.0
ZDEB01,Heron View,HVO303,1100000.0,2023/06/30,,18.0
ZJAN03,Heron View,HVO304,119247.26,2023/11/29,,14.0
ZVIS02,Heron View,HVO304,1000000.0,2023/11/29,,18.0
ZSOU02,Heron View,HVO305,100000.0,2023/08/23,,14.0
ZLIN01,Heron View,HVO305,118439.04,2023/07/22,,14.0
ZFLA01,Heron View,HVO305,400000.0,2023/08/23,,14.0
ZDEV01,Heron View,HVO305,500000.0,2023/06/30,,18.0
ZKRU01,Heron View,HVP101,500000.0,2022/09/15,2023/09/08,18.0
ZVER02,Heron View,HVP101,100000.0,2022/08/18,2023/09/08,14.0
ZJOR01,Heron View,HVP101,300000.0,2022/09/29,2023/09/08,18.0
ZFER02,Heron View,HVP101,100000.0,2022/08/18,2023/09/08,14.0
ZTHA01,Heron View,HVP101,100000.0,2022/08/25,2023/09/08,14.0
ZJEN02,Heron View,HVP102,1000000.0,2022/09/29,2023/09/08,18.0
ZHUM01,Heron View,HVP102,100000.0,2022/10/06,2023/09/08,14.0
ZZEE01,Heron View,HVP103,1100000.0,2022/09/29,2023/09/08,18.0
ZNUN01,Heron View,HVP201,200000.0,2022/09/22,,18.0
ZZEE01,Heron View,HVP201,500000.0,2022/09/22,,18.0
ZDEF01,Heron View,HVP201,200000.0,2022/10/14,,14.0
ZJAN05,Heron View,HVP201,100000.0,2022/10/27,,14.0
ZBAL02,Heron View,HVP201,100000.0,2022/10/27,,14.0
ZBUR01,Heron View,HVP202,200000.0,2023/06/30,2023/09/22,14.0
ZCRO01,Heron View,HVP202,110000.0,2023/06/30,2023/09/22,18.0
ZDUP04,Heron View,HVP202,100000.0,2022/11/03,2023/09/22,14.0
ZVAN10,Heron View,HVP202,700000.0,2023/06/30,2023/09/22,18.0
ZSON01,Heron View,HVP203,1100000.0,2022/09/29,,18.0
ZTRU01,Heron View,HVP301,106405.48,2022/11/03,2023/11/17,14.0
ZVAN09,Heron View,HVP301,1000000.0,2022/09/29,2023/11/17,18.0
ZKRO01,Heron View,HVP302,500000.0,2022/10/14,2023/12/11,16.0
ZAFR01,Heron View,HVP302,264742.12,2022/11/24,2023/12/11,18.0
ZNUN01,Heron View,HVP302,285996.58,2022/11/11,2023/12/11,18.0
ZKRI02,Heron View,HVP303,1100000.0,2022/10/27,,18.0
